frame,knee_valgus_L,knee_valgus_R,head_forward_angle,squat_depth_knee_deg,sagittal_flexion_trunk,hip_angle_L,hip_angle_R,hip_flexion_L,hip_flexion_R,knee_flexion_L,knee_flexion_R,ankle_dorsiflexion_proxy_L,ankle_dorsiflexion_proxy_R,lumbar_curvature_proxy
0,-10.929290771484375,3.0212554931640625,18.647300720214844,18.47972020306794,-0.7615390419960022,163.33215484782295,155.35713233052405,0.567661275062278,6.4056281940075905,22.52465756534292,14.434782840792963,-3.769439697265625,2.02447509765625,-0.7615390419960022
1,-9.904449462890625,2.6897735595703125,18.941709518432617,18.14185665337594,-0.5983214378356934,163.82406351044432,153.51448390916858,0.5478915468785317,4.443536688480094,21.32866520910082,14.955048097651058,-2.7284393310546875,0.8222198486328125,-0.5983214378356934
2,-8.308441162109375,2.24346923828125,18.95381736755371,18.101515939859212,-0.30959323048591614,163.74958777340177,151.28188057238097,0.993645151052192,2.197044809255317,20.193146480495557,16.009885399222867,-1.410491943359375,0.038848876953125,-0.30959323048591614
3,-6.8233642578125,1.2122344970703125,18.94267463684082,17.690065075491574,4.068944008395192e-07,164.20875561785903,149.27971594501514,0.0,0.0,17.742426412717492,17.637703738265657,0.0,0.0,4.068944008395192e-07
4,-6.3249664306640625,-0.0126190185546875,18.631776809692383,18.41447724755102,0.547362208366394,164.54053293734984,146.47671406303607,-0.6227402194407432,-2.860777328815743,16.500346260490375,20.328608234611664,1.0992889404296875,0.5724334716796875,0.547362208366394
5,-3.76483154296875,-1.4469146728515625,18.355104446411133,18.56438392321884,0.9891464114189148,164.19801693335754,143.68190849039073,-1.4546153648760765,-5.6692149742510765,13.476927922140078,23.651839924297605,3.0621795654296875,1.653564453125,0.9891464114189148
6,-1.798370361328125,-3.057830810546875,18.009246826171875,19.388310745458156,1.5319262742996216,164.05421925138492,140.7894533868103,-2.2875258429911582,-8.495167444553658,11.249938713186424,27.52668277772989,4.632415771484375,3.26824951171875,1.5319262742996216
7,-0.21337890625,-4.690948486328125,17.48092269897461,20.92670366917244,2.215111494064331,163.55013378530074,137.6836751510873,-3.1133197053339927,-11.55800659498243,10.313166759369722,31.54024057897516,5.2920989990234375,4.844573974609375,2.215111494064331
8,2.0877685546875,-6.3337554931640625,16.968446731567383,21.64533211816658,2.8277366161346436,162.83423593819165,135.08651068179876,-4.116707156505868,-14.031288455333993,8.624319817991676,34.66634441834148,6.846649169921875,5.9101409912109375,2.8277366161346436
9,4.03216552734375,-8.033920288085938,16.463912963867188,22.019838800968472,2.968189239501953,162.03152780879725,133.7321892646531,-3.9901614888575523,-15.20816380819349,8.335149639987776,35.70452796194917,8.182907104492188,5.5937957763671875,2.968189239501953
10,5.86279296875,-10.289215087890625,15.845590591430664,21.764785308901466,3.0182511806488037,161.1345757978098,132.8128963461594,-4.01023990949659,-15.906266520824715,7.956406879066975,35.57316373873596,-349.87925720214844,4.2528076171875,3.0182511806488037
11,6.454315185546875,-11.623870849609375,15.481961250305176,21.20112526515385,2.75304913520813,160.51409359341324,133.12948877639013,-2.9112365945246665,-15.334774802532479,7.957862397210192,34.444388133097505,-348.3316345214844,2.91455078125,2.75304913520813
12,7.3985595703125,-12.573211669921875,15.067743301391602,20.669328261866752,2.4641261100769043,159.74525760195291,134.2649091329377,-1.8798056348231285,-14.102965424862191,8.249002285480202,33.0896542382533,-346.61473083496094,1.9606475830078125,2.4641261100769043
13,7.558624267578125,-14.7890625,14.670949935913086,19.075050910965174,2.425287961959839,158.53672914360908,135.1292420559775,-1.185449908581063,-13.188822100963876,7.787597651269181,30.36250417066117,-344.32733154296875,-1.0503692626953125,2.425287961959839
14,7.823272705078125,-16.85687255859375,14.243327140808105,18.63471698087396,2.2984540462493896,157.1899976478292,135.46893815746284,-0.6386178239253013,-12.633185695019051,7.744355238750813,29.525078722997108,-342.19227600097656,-2.6799163818359375,2.2984540462493896
15,7.6748046875,-19.23492431640625,13.901691436767578,18.76790630296793,2.0770180225372314,155.64739202899693,135.48446000260748,-0.3485935433772056,-12.253195594158456,7.765564066664439,29.77024853927142,-339.93360900878906,-3.7271728515625,2.0770180225372314
16,9.05712890625,-22.28765869140625,13.451566696166992,20.85989983990794,2.0497615337371826,153.666787514507,135.40235035127859,-0.4901145203974693,-12.106783221569344,10.337593224260075,31.382206455555803,-336.53973388671875,-3.853363037109375,2.0497615337371826
17,8.73382568359375,-25.4937744140625,12.817405700683594,22.809371773067397,2.1032893657684326,152.5432881106817,135.31730009354425,-0.4150870545771568,-12.118974994030282,11.621593099662107,33.99715044647269,-333.7939758300781,-3.0901641845703125,2.1032893657684326
18,7.95404052734375,-29.34710693359375,12.084128379821777,26.322561455585003,2.342785596847534,151.88574895365196,134.49743784610214,-0.9160731538203208,-12.945827792492196,13.839796365304949,38.80532654586506,-330.4695739746094,-0.5457916259765625,2.342785596847534
19,7.0489501953125,-32.56329345703125,11.249967575073242,30.742261884596658,2.5875189304351807,151.63830791424695,133.9525742765054,-2.0611360772517173,-13.617837737407967,17.472248304127845,44.01227546506547,-326.7663269042969,3.310943603515625,2.5875189304351807
20,5.89288330078125,-34.1690673828125,10.638404846191406,35.095301583018696,2.6196212768554688,151.6990510043409,134.4483781081585,-3.4998546346095054,-13.337256978359505,22.048565439628305,48.142037726409086,-322.96258544921875,7.8234710693359375,2.6196212768554688
21,4.950775146484375,-35.04486083984375,10.084836959838867,39.360454041886925,2.586879014968872,151.64029936692367,135.33700206376392,-5.270960639324471,-12.706797431316659,27.399031442719263,51.32187664105459,-319.0914001464844,12.059356689453125,2.586879014968872
22,4.255615234375,-35.626495361328125,9.508332252502441,43.37284539874345,2.58604097366333,151.41709811375415,135.54848228938872,-7.453136514034554,-12.651439736690804,33.11394824141189,53.63174255607501,-315.39122009277344,-345.0724182128906,2.58604097366333
23,3.5107269287109375,-35.3482666015625,9.028131484985352,47.08666190380271,2.717885971069336,151.01749736147704,135.1996243195631,349.8161873118016,-13.167531560268685,38.88993467747636,55.28338913012905,-312.1036682128906,-342.88816833496094,2.717885971069336
24,2.421112060546875,-34.1998291015625,8.707815170288086,50.523208327497244,2.9402015209198,150.62811548586632,134.67328853992282,346.74777190843554,-13.906357119884774,44.25573284614106,56.79068380885343,-309.49937438964844,-340.5098876953125,2.9402015209198
25,1.5585784912109375,-31.6539306640625,8.757699966430664,53.28739335627129,3.164550542831421,149.93341622871284,134.61231613134777,343.58155887285204,-14.207915614452645,49.18606563628572,57.38872107625686,-307.4358673095703,-338.2333221435547,3.164550542831421
26,1.15435791015625,-29.386093139648438,8.439900398254395,55.89710365574503,3.345952272415161,148.66360566956763,134.39127263032154,340.23554532686205,-14.549366782512948,53.60909134844958,58.185115963040474,-306.10809326171875,-336.1970977783203,3.345952272415161
27,1.6429595947265625,-27.6055908203125,8.028660774230957,58.808399708308734,3.3408970832824707,147.087007550298,134.0801093736394,336.75764458337756,-14.892623971309945,58.022391279027076,59.59440813759039,-305.060302734375,-334.0133056640625,3.3408970832824707
28,1.875732421875,-26.679855346679688,7.243001937866211,61.58670295832659,3.3454341888427734,145.19635806482916,133.57486949972292,332.6555427805516,-15.339208196010873,61.76204587715911,61.41136003949407,-305.2623291015625,-331.92808532714844,3.3454341888427734
29,3.1329803466796875,-26.710586547851562,6.572173595428467,63.03145358580179,3.074960231781006,143.23930335619661,133.80195167837422,329.62728016534777,-14.789437363949105,63.34573480433559,62.71717236726799,-306.78802490234375,-330.14642333984375,3.074960231781006
30,6.2877655029296875,-27.811553955078125,5.839125633239746,63.77740779541126,2.522341012954712,141.3887262590987,134.24488799960474,327.3097974554631,-13.653718779888436,63.7308124946959,63.82400309612662,-309.05352783203125,-328.700927734375,2.522341012954712
31,9.75732421875,-29.439605712890625,4.816267967224121,64.7911685969177,1.9073244333267212,139.45097297029423,134.72038048257633,324.66112690130205,-12.282186697330758,64.83330612762353,64.74903106621187,-311.00022888183594,-327.4697570800781,1.9073244333267212
32,13.358169555664062,-31.75360107421875,3.7584636211395264,65.33015148391922,1.1179653406143188,137.70939527351985,135.3569295928676,322.555847932491,-10.39746017297773,65.36851985448091,65.29178311335755,-313.2725372314453,-326.64300537109375,1.1179653406143188
33,16.50506591796875,-34.1561279296875,2.8720884323120117,65.40150494547075,0.22854694724082947,136.45671299751675,136.17273977825894,320.98776205340357,-8.113495270815179,65.31703903161886,65.48597085932265,-315.8072204589844,-326.0274963378906,0.22854694724082947
34,18.397796630859375,-36.765411376953125,1.803320288658142,64.66730347295035,-0.6999038457870483,135.94701272431638,137.12847116938931,320.4038532272908,-5.446412275638863,64.06108014544247,65.27352680045824,-318.7696838378906,-325.7871551513672,-0.6999038457870483
35,23.042633056640625,-39.9483642578125,0.8251814246177673,63.85864046955921,-1.7080755233764648,135.37998547585772,137.68522236345194,320.6772684351537,-3.1422353490260093,61.80041173552304,65.91686920359538,-322.9586486816406,-325.2820281982422,-1.7080755233764648
36,27.634475708007812,-42.732666015625,-0.32590919733047485,62.554896721780885,-2.6663050651550293,135.26118022302276,138.31102808574929,322.029968191776,-0.9336853726771324,58.7325896321187,66.37720381144307,-327.8330078125,-324.9348907470703,-2.6663050651550293
37,31.815933227539062,-45.38568115234375,-1.8931100368499756,61.389047925396575,-3.5868213176727295,135.4372599730998,138.99842982295038,324.0896446005437,1.0389091269108803,55.743376198970594,67.03471965182256,-332.8513488769531,-324.47837829589844,-3.5868213176727295
38,35.05177307128906,-48.160400390625,-3.5741100311279297,60.333694757627875,-4.476454734802246,136.07906409336294,139.68522700947776,326.6810144678685,2.8221430079075844,52.885554842192505,67.78183467306324,-337.72930908203125,-324.1746368408203,-4.476454734802246
39,38.62895202636719,-50.757598876953125,-5.2815632820129395,59.54109261551417,-5.456634998321533,137.24272378812773,140.7546979965244,329.98103420892687,4.7471474901768715,51.15906646109664,67.92311876993169,-341.7503356933594,-324.7749328613281,-5.456634998321533
40,42.31877136230469,-51.579345703125,-7.068387985229492,58.51644017152229,-6.482525825500488,139.02140092334693,142.3546386534378,334.1058019892308,6.459439684543327,50.10510586610451,66.92777447694007,-345.74053955078125,-326.00611877441406,-6.482525825500488
41,45.643768310546875,-50.89790344238281,-8.818469047546387,57.904286688707835,-7.530813217163086,141.21549538533225,143.98742382029224,338.67030947366686,7.741629053744987,49.861804449321994,65.94676892809368,-349.5215759277344,-325.9132080078125,-7.530813217163086
42,49.07911682128906,-50.13751220703125,-10.760034561157227,58.89477918561206,-8.393911361694336,142.51958655822594,144.62601825195276,341.7176574961278,8.230581690463737,51.649471108392106,66.14008726283201,8.512054443359375,-324.18077087402344,-8.393911361694336
43,51.54822540283203,-49.84307098388672,-12.347182273864746,60.131368276691724,-9.090420722961426,143.60018361027278,144.6944117569862,343.5650457636449,8.426755358371452,53.450185977672234,66.81255057571121,7.7034759521484375,-322.5928649902344,-9.090420722961426
44,53.177146911621094,-50.332191467285156,-13.143705368041992,61.444225856893986,-9.589486122131348,143.7648726474134,143.77876410687833,344.6339048639867,8.424065996799186,54.96051265446742,67.92793905932055,8.213424682617188,-321.4881591796875,-9.589486122131348
45,54.20045471191406,-50.71025085449219,-13.502066612243652,62.44514904534957,-10.347270965576172,144.0418022642879,143.4490060974829,345.6452755228612,8.955242563876823,56.1428877926209,68.74741029807824,-350.4353485107422,-320.5544891357422,-10.347270965576172
46,55.135650634765625,-51.34577178955078,-13.330233573913574,63.33028535315931,-10.871031761169434,143.82672614185316,143.13436118814877,346.0029596582982,9.64254706064196,57.450215326027944,69.21035538029068,-348.50682067871094,-320.4244384765625,-10.871031761169434
47,56.3348388671875,-52.35639190673828,-13.028470993041992,64.42402682302217,-11.259817123413086,143.10507244620754,142.47917336224535,346.07872622171374,10.321310450229362,59.04158572503003,69.80646792101432,-346.5899200439453,-320.4625244140625,-11.259817123413086
48,57.62408447265625,-53.397552490234375,-12.397564888000488,65.33927024186013,-11.521553993225098,141.69873443863415,141.35041756685567,345.8471922175023,11.015328814181998,60.77054774443687,69.90799273928342,-344.70362854003906,-321.5576477050781,-11.521553993225098
49,59.009918212890625,-54.24249267578125,-11.448664665222168,66.07169050869794,-11.942941665649414,140.62154760223234,140.63952975939767,346.140741755161,11.927622248325065,62.382220457558674,69.7611605598372,-343.3505401611328,-322.8957824707031,-11.942941665649414
50,60.577911376953125,-54.44427490234375,-10.290864944458008,66.42507240824442,-12.284461975097656,139.41264487543197,140.0053552793263,346.9241260782811,12.72496836343737,63.86515460854072,68.98499020794812,-342.6125030517578,-324.79066467285156,-12.284461975097656
51,62.9385986328125,-54.2669677734375,-9.267364501953125,67.02090222155658,-12.53779411315918,137.75704833323346,139.42503429802798,348.00956576028796,13.308775355014518,65.93369940925434,68.10810503385883,-342.03765869140625,-326.44012451171875,-12.53779411315918
52,65.94830322265625,-53.54071044921875,-7.866384029388428,67.7067253976052,-12.809617042541504,136.0437755900637,139.38222006303744,348.9143232599828,14.011231829318717,68.74384672512285,66.66960407008756,-340.9930725097656,-328.30218505859375,-12.809617042541504
53,69.21365356445312,-52.43780517578125,-6.36417293548584,68.34762744334863,-13.163993835449219,134.51112794998113,139.48594546572474,350.06400339761706,14.836891581210807,71.76760617110081,64.92764871559645,-339.8550567626953,-330.14720153808594,-13.163993835449219
54,72.862548828125,-50.790802001953125,-4.990872383117676,68.95671540359467,-13.533866882324219,132.71279308231843,140.244090879846,351.01900522867174,15.90111582437487,75.26963719696515,62.64379361022421,-338.2183532714844,-331.99632263183594,-13.533866882324219
55,76.85302734375,-49.708984375,-4.1558451652526855,70.14042900968643,-13.730003356933594,130.99317188870168,140.6921212923951,351.69173472085924,16.456947733554557,79.12816861521581,61.152689404157044,-336.3284149169922,-333.24559020996094,-13.730003356933594
56,80.54736328125,-48.644500732421875,-3.4832606315612793,71.16877291143874,-13.792725563049316,129.16747089645946,141.12890089356432,352.1129621759984,16.943772722873405,82.72059774877695,59.616948074100506,-334.5104217529297,-334.50901794433594,-13.792725563049316
57,83.77093505859375,-47.61456298828125,-2.7182936668395996,71.89681678819962,-13.740105628967285,126.79129867177474,141.68450427673707,352.0993437067601,17.533181597385123,85.91685441596246,57.87677916043677,-333.02093505859375,-336.00669860839844,-13.740105628967285
58,87.00082397460938,-46.86236572265625,-2.000332832336426,72.74896384453777,-13.592207908630371,123.42309789753071,142.16995880132933,351.5581354395482,18.07620184579821,89.14170553861774,56.356222150457796,-332.2697296142578,-337.40342712402344,-13.592207908630371
59,89.36651611328125,-46.37054443359375,-1.3327199220657349,73.2169108739514,-13.30501937866211,119.11714104998367,142.6763459406604,350.66186182657214,18.51076929727526,91.41398457125777,55.01983717664504,-333.5187530517578,-338.8005828857422,-13.30501937866211
60,89.9122314453125,-45.93084716796875,-0.22732163965702057,72.74522845556392,-13.088793754577637,114.97345118616138,143.53512194099116,350.03145163217516,19.231006075534538,91.88834465199997,53.602112259127864,-335.2546844482422,-340.27931213378906,-13.088793754577637
61,89.9337158203125,-46.574310302734375,0.35231897234916687,72.6443548550734,-12.399017333984375,111.27707657732743,143.20540972713948,348.28443949380846,19.033462931308463,91.97647262953348,53.31223708061333,-336.45411682128906,-341.6969299316406,-12.399017333984375
62,87.67227172851562,-46.54315185546875,1.4823342561721802,71.18148745142484,-11.968378067016602,109.16707823866197,143.82599710611348,347.5036110178563,19.294992853793815,89.81544111259687,52.547533790252814,-337.5465545654297,-342.8184356689453,-11.968378067016602
63,83.2890625,-46.04132080078125,3.045192241668701,68.57181739715298,-11.659391403198242,108.71588842324071,144.67781055390913,347.38326876321764,19.402433802280143,85.56229911680616,51.58133567749982,-338.6890869140625,-343.80389404296875,-11.659391403198242
64,77.81805419921875,-45.66575622558594,3.553297281265259,65.63883853694864,-11.137507438659668,109.49560990470924,144.50839358670302,347.62868826547594,18.796718050632194,80.27418741370407,51.003489660193225,-339.3268127441406,-344.5900573730469,-11.137507438659668
65,72.2613525390625,-45.98759460449219,4.756743907928467,63.250277650285476,-10.85191535949707,111.01361410773235,144.3454174951021,347.99116747537585,17.960710932407096,75.0888375151445,51.41171778542645,-339.1387481689453,-344.76622009277344,-10.85191535949707
66,65.17510986328125,-45.70390319824219,6.281959533691406,59.79718270129069,-10.960822105407715,114.47786066383503,145.10920409821082,349.8212503687474,17.99722998300524,68.5186238074814,51.07574159509997,-338.1222381591797,-345.06536865234375,-10.960822105407715
67,58.55999755859375,-45.472686767578125,8.195975303649902,56.73862028826085,-11.27425479888916,117.89357947527067,145.67017977222386,351.75704329172106,17.901406695041373,62.41067845963167,51.066562116890026,-337.1770782470703,-344.96180725097656,-11.27425479888916
68,60.0909423828125,-39.38128662109375,8.95678997039795,54.21318488174213,-14.63661003112793,120.44063352489137,151.63827196862584,350.381407190952,25.146665980014518,65.50414740566997,42.92222235781429,-336.2574462890625,11.007827758789062,-14.63661003112793
69,47.92974853515625,-47.71440124511719,9.23902416229248,53.59514868370784,-11.161140441894531,122.31729895573267,143.52561317009892,354.3832477823827,15.80547373453112,52.86085296358928,54.3294444038264,-335.1157531738281,-343.16802978515625,-11.161140441894531
70,45.98468017578125,-49.288909912109375,9.923348426818848,53.43010383823358,-10.91523551940918,122.90211072614662,142.30199307138207,356.31425326028796,14.705992151889518,50.53910773604352,56.321099940423636,-334.56541442871094,-342.06201171875,-10.91523551940918
71,45.086578369140625,-50.556907653808594,10.503135681152344,53.40897009564609,-10.491972923278809,123.71480436921703,141.34829054917236,358.0604089991185,13.66152899423571,49.06797655699731,57.74996363429487,-334.098876953125,-341.5105438232422,-10.491972923278809
72,45.296142578125,-52.29308319091797,10.712294578552246,54.15536962532018,-9.590426445007324,124.80183078073944,139.96265872293563,358.6247896448705,12.13794272104235,48.86957688430451,59.44116236633586,-333.4899444580078,-341.22357177734375,-9.590426445007324
73,45.68011474609375,-52.82196044921875,11.352167129516602,54.249720061961355,-8.736404418945312,126.12426240673786,139.58769432266297,359.13282816568346,11.166046549472526,48.78451775416153,59.71492236976118,-333.0956726074219,-341.65464782714844,-8.736404418945312
74,46.8944091796875,-53.97972869873047,11.68433666229248,55.034390142409706,-7.979203224182129,127.02436247966888,138.96188117181967,358.89500563302965,10.337098528537467,49.6942136756181,60.37456660920131,-332.94508361816406,-342.44407653808594,-7.979203224182129
75,49.13714599609375,-54.736480712890625,12.35753059387207,56.03405548634808,-7.046849727630615,126.98722118520595,138.86614598558228,357.8540248171422,9.816167761478141,51.72973192627046,60.3383790464257,-332.9865417480469,-343.9817810058594,-7.046849727630615
76,51.79400634765625,-55.809600830078125,13.052831649780273,57.31304637499127,-6.065185070037842,126.54626866710328,138.93086913350209,356.3632964388463,9.585571219119743,54.30451619742816,60.32157655255439,-332.98211669921875,-346.2603454589844,-6.065185070037842
77,54.6248779296875,-57.440208435058594,13.869755744934082,58.83552849509959,-5.15665864944458,125.89035160619166,139.22620439992224,354.82957165399523,9.998944212588981,57.068057076600056,60.60299991359912,-333.04205322265625,10.805587768554688,-5.15665864944458
78,56.86785888671875,-59.57988739013672,14.654402732849121,60.29124429710138,-4.211972236633301,126.02701606910928,139.5184231458272,353.1989111200902,10.940152575168327,59.30890741205303,61.27358118214973,-333.0753173828125,7.094451904296875,-4.211972236633301
79,57.772430419921875,-62.91682434082031,15.256582260131836,61.76530720467041,-3.2032229900360107,127.28227870227882,139.21596134377006,351.6139594809148,12.205008675250724,60.28596956621497,63.24464484312584,-333.06004333496094,2.9942626953125,-3.2032229900360107
80,57.73394775390625,-67.97586059570312,15.660325050354004,63.730429658884724,-2.1925971508026123,129.1415046907634,138.1197806148572,350.1922771231267,14.028916527423576,60.34028708200526,67.12057223576419,-333.0625305175781,-1.9102325439453125,-2.1925971508026123
81,57.15936279296875,-74.8436279296875,15.815178871154785,66.5568038046317,-1.1940356492996216,131.28475270574333,135.94234206530322,348.99985270658465,16.360433150920585,59.87674301442182,73.23686459484158,-332.86277770996094,-7.6598052978515625,-1.1940356492996216
82,56.45831298828125,-82.52670288085938,15.8233003616333,70.02142215360439,-0.1822972148656845,133.65327018489225,132.89068583031133,347.7395333395335,18.93501368621321,59.35047856097202,80.69236574623677,-332.49659729003906,-14.099655151367188,-0.1822972148656845
83,56.07916259765625,-90.02825927734375,15.696456909179688,73.78226802179715,0.8344414234161377,135.94304435797883,129.36749367047054,346.43386953035326,21.445481468829826,59.17447064698487,88.39006539660943,-331.9313049316406,-20.078857421875,0.8344414234161377
84,56.25213623046875,-96.86715698242188,15.34121036529541,77.54805212415161,1.8823703527450562,137.82189814437547,125.53380957582523,345.10720830121966,23.476532031688407,59.503577987478806,95.5925262608244,-331.3201904296875,-24.788101196289062,1.8823703527450562
85,57.4383544921875,-102.7445068359375,15.218648910522461,81.28273793736562,2.7998173236846924,138.5782666210334,122.03239107012116,343.86288755098315,25.22453611055346,60.70705692553963,101.8584189491916,-330.98133850097656,-28.30389404296875,2.7998173236846924
86,58.882843017578125,-107.42672729492188,15.313397407531738,84.47738657436969,3.780062675476074,138.86407979910118,119.09835953596145,342.5654424921605,26.43931334176989,62.07806453007062,106.87670861866877,-330.9653778076172,-30.418075561523438,3.780062675476074
87,60.073486328125,-111.49092102050781,15.410555839538574,87.2284459421289,4.790343284606934,139.09688139571583,116.68509475002902,341.2394270197484,-332.6623063786891,63.236161642597224,111.22073024166059,-330.91554260253906,-32.275299072265625,4.790343284606934
88,60.91845703125,-114.11534118652344,15.74421215057373,89.06225562360791,5.815625190734863,139.51288947849784,115.35028713310638,339.926913668308,-332.3627744420436,64.0722637481458,114.05224749907,-330.8840789794922,-32.50019836425781,5.815625190734863
89,61.11297607421875,-116.41265869140625,16.429601669311523,90.28403139392992,6.824082851409912,140.39853682208616,115.81431959549727,339.175307203922,-332.7261057599452,64.11073938935445,116.45732339850541,-331.02783203125,-36.31135559082031,6.824082851409912
90,60.603729248046875,-116.85765075683594,17.326892852783203,90.15923658136083,7.7412428855896,141.13333614999883,116.91141293685395,338.80068867364855,-333.4791880353358,63.357062104946536,116.96141105777511,-331.6109313964844,-37.774810791015625,7.7412428855896
91,60.46026611328125,-117.6968994140625,17.84819793701172,90.43681376610033,8.607585906982422,141.4127135480011,118.15971384413203,338.21962397256823,-334.82136113485365,63.09599564108936,117.7776318911113,-331.83250427246094,-43.333580017089844,8.607585906982422
92,60.033843994140625,-118.02729797363281,18.347660064697266,90.41881689641863,9.439401626586914,141.72509106337594,119.94100240093738,337.48561709085436,-336.7165923818019,62.78896666457267,118.04866712826458,-331.24757385253906,-55.68689727783203,9.439401626586914
93,59.302734375,-118.10897827148438,18.663816452026367,90.21739318018564,10.224684715270996,141.87603657978931,121.62798036855128,336.78958265939684,-338.6900926335719,62.34992479950661,118.08486156086465,-330.0418395996094,-82.17491912841797,10.224684715270996
94,58.08905029296875,-118.09919738769531,19.06220817565918,89.9013701456688,10.91960334777832,142.201073640212,123.27920316498867,335.9635757700536,19.474653650912956,61.761138789312525,118.04160150202509,-328.08990478515625,-122.14063262939453,10.91960334777832
95,56.82861328125,-118.4287109375,19.457429885864258,89.82919633194055,11.489848136901855,142.5124818254032,124.39624006793407,335.04985563913317,17.829717089328483,61.318672498657236,118.33972016522388,-326.1184997558594,-143.6347599029541,11.489848136901855
96,56.236572265625,-118.86154174804688,19.656335830688477,90.04834599728707,12.009354591369629,142.60897654183762,124.91956510743914,334.0833582178685,16.60543768564196,61.3409948769699,118.75569711760426,-324.9498291015625,-152.13706302642822,12.009354591369629
97,56.084503173828125,-118.92155456542969,19.81779670715332,90.18352514747528,12.512316703796387,142.85239067121952,125.19479494017911,333.1807684198949,15.624478747043327,61.58864584012072,118.77840445482985,-324.21185302734375,-152.47061157226562,12.512316703796387
98,56.3870849609375,-119.18023681640625,19.82088851928711,90.72233997194505,12.960345268249512,143.11057927782866,124.82583178189464,331.91377012887926,14.762753893527702,62.42618861155631,119.01849133233377,-323.35581970214844,-153.56352996826172,12.960345268249512
99,56.785888671875,-118.93482971191406,19.841676712036133,90.92275407070441,13.21286678314209,143.41850393463807,124.34745424226922,331.1506284967992,14.537316729221061,63.0679978924,118.77751024900883,-322.91448974609375,-152.48388862609863,13.21286678314209
100,57.30023193359375,-118.24371337890625,20.00411605834961,90.90384521612194,13.294225692749023,143.68288874460382,123.50825663090478,330.71245806375475,14.54343645730944,63.7005012114773,118.10718922076659,-322.5343322753906,-150.1927146911621,13.294225692749023
101,57.46820068359375,-116.91470336914062,20.340450286865234,90.36665403510534,13.342061996459961,144.3854058700104,122.58719577739338,330.39861529031725,14.424799372348502,63.91365908355229,116.81964898665841,-322.4004211425781,-148.8900909423828,13.342061996459961
102,57.79046630859375,-114.79830932617188,20.722070693969727,89.3951155411724,13.440450668334961,144.853869433615,121.79480772897449,330.23723833719225,14.191217829379752,64.0348942088697,114.75533687347512,-322.7051239013672,-77.61772155761719,13.440450668334961
103,58.49530029296875,-111.9942626953125,21.0947208404541,88.13543713261615,13.570301055908203,145.19303145797772,121.214450064363,330.21618311563464,13.99422876993151,64.26661716599374,112.00425709923856,-323.4603271484375,-333.6929168701172,13.570301055908203
104,59.3509521484375,-108.26670837402344,21.525104522705078,86.51466678332484,13.665353775024414,145.45043882854822,121.00664967711359,330.15350954690905,13.866873194369987,64.69163909705561,108.33769446959407,-324.1833190917969,-332.24774169921875,13.665353775024414
105,60.4326171875,-103.93890380859375,21.94220733642578,84.71164100580908,13.843282699584961,145.4718944280242,121.10484904417761,329.9690346018407,13.607141901645377,65.34507240906606,104.0782096025521,-324.9591522216797,-331.3690185546875,13.843282699584961
106,61.91522216796875,-99.076171875,22.167543411254883,82.93620459294398,14.050825119018555,145.3736689055898,121.54177566638228,329.3254112497899,13.144426752719596,66.54625560056773,99.32615358532023,-325.66075134277344,-329.52284240722656,14.050825119018555
107,63.36962890625,-93.43701171875,22.423974990844727,80.7953890720784,14.266854286193848,145.15691138239032,122.22866545173456,328.62169592538805,12.717536379489616,67.7316128513937,93.85916529276308,-326.4949188232422,-327.5696716308594,14.266854286193848
108,64.65985107421875,-87.35589599609375,22.717994689941406,78.43973884826015,14.480013847351074,144.88502087553658,123.22148063482186,327.8602575556371,12.613126207980827,68.91149069166845,87.96798700485185,-326.88072204589844,-326.7185516357422,14.480013847351074
109,65.73431396484375,-80.72494506835938,22.934364318847656,75.81908290454008,14.703500747680664,144.73745882479312,124.64083019213629,326.7901977793309,12.683569361362174,70.0313072713632,81.60685853771696,-327.0826416015625,-325.5399475097656,14.703500747680664
110,66.38253784179688,-74.19580078125,23.205718994140625,73.09176760481621,14.940699577331543,144.6060190797766,125.981634721339,325.7261862055394,13.114476610812858,70.84093717500268,75.34259803462975,-326.92417907714844,-324.90538024902344,14.940699577331543
111,66.9017333984375,-67.9202880859375,23.345458984375,70.53680087920304,15.225111961364746,144.34508940208661,127.29441358437549,324.3903059259984,13.73738234201403,71.74144073781694,69.33216102058914,-326.1271209716797,-324.40931701660156,15.225111961364746
112,67.53009033203125,-62.359039306640625,23.458559036254883,68.34618672818053,15.458436965942383,143.97850314802292,128.81875109509443,323.19540255228014,14.777342249545768,72.73666503706036,63.955708419300706,-325.15476989746094,-323.74794006347656,15.458436965942383
113,67.85748291015625,-57.39434814453125,23.666213989257812,66.20631837085664,15.614580154418945,143.80798353772968,130.36009747778022,322.30969088235827,-343.8172775014308,73.37192715478967,59.0407095869236,-324.329345703125,-323.316162109375,15.614580154418945
114,68.0181884765625,-53.326507568359375,23.84469985961914,64.38716215559256,15.695128440856934,143.69833364357385,131.7472922650315,321.5964826838109,-342.11964280447035,73.91144815715495,54.86287615403019,-323.2195281982422,-322.9383544921875,15.695128440856934
115,67.98721313476562,-50.214691162109375,23.90411949157715,62.91284180529821,15.67944622039795,143.8136054389086,132.9564261144875,321.1420568720433,-340.3871484502223,74.23873399431612,51.58694961628029,-322.1140899658203,-322.3907928466797,15.67944622039795
116,68.37054443359375,-47.14398193359375,23.97923469543457,61.71014948686823,15.625612258911133,143.6610978872108,134.24343400318975,320.90626375833483,-338.8491378529933,74.93963237038014,48.480666603356326,-320.7043914794922,-321.5982208251953,15.625612258911133
117,68.41925048828125,-44.562835693359375,23.891456604003906,60.695573599059394,15.487348556518555,143.5794247694452,135.5466536022267,320.71792833963366,-337.23734814962415,75.5448414138189,45.84630578429989,-318.8292236328125,-320.66046142578125,15.487348556518555
118,68.12820434570312,-42.53729248046875,23.616043090820312,59.96344943531878,15.245159149169922,143.55983174742664,136.98796324626704,320.73964350381823,-335.84521062215833,75.99583674410269,43.93106212653487,-316.66998291015625,-319.28062438964844,15.245159149169922
119,67.70455932617188,-40.76934814453125,23.134342193603516,59.57931049207484,14.916948318481445,143.55134061496602,138.513134409255,320.6772293345067,-334.7017074330714,76.64215377841705,42.516467205732624,-314.01373291015625,-317.51837158203125,14.916948318481445
120,66.77899169921875,-40.103759765625,22.55879783630371,59.79162254317431,14.40806770324707,143.71065671595636,140.13359328946638,320.42883150735827,-333.394959996548,77.48083597222302,42.10240911412561,-310.6905212402344,-315.5628967285156,14.40806770324707
121,65.91790771484375,-40.1712646484375,22.0189266204834,60.29893034428682,13.791932106018066,144.04771168735982,141.6575161667766,320.53012030282946,-332.0845952733424,78.27571771734044,42.322142971233205,-307.8202667236328,-313.6155242919922,13.791932106018066
122,65.71649169921875,-40.42608642578125,21.27642822265625,61.03191987855366,13.195594787597656,144.32833084735603,142.97757697747667,320.786400248203,-331.0899120076564,79.24776587286642,42.81607388424089,-305.5500793457031,-311.76507568359375,13.195594787597656
123,65.25506591796875,-40.870361328125,20.614761352539062,61.639365261133406,12.714613914489746,144.82852804918903,144.27115362330107,320.80154555002184,-330.3390641911891,79.85816100263605,43.42056951963076,-303.9650115966797,-310.1748962402344,12.714613914489746
124,64.8193359375,-41.28375244140625,19.901996612548828,62.11732651946249,12.353578567504883,145.35184608864967,145.64363494534908,320.50973360696764,-329.8170333608058,80.33083796918886,43.90381506973611,-302.95741271972656,-308.97727966308594,12.353578567504883
125,63.9879150390625,-41.43780517578125,19.63471031188965,62.3917865920182,11.970251083374023,146.14081092715057,147.115370419753,319.8855385080907,-329.53957135519056,80.61428025392532,44.169292930111084,-302.2936706542969,-308.30126953125,11.970251083374023
126,63.74951171875,-41.047332763671875,19.446027755737305,62.44839696073464,11.726851463317871,146.65064532154753,148.66009922282342,319.15933363595934,-329.5227342351344,80.97934871769922,43.91744520377006,-302.0896301269531,-308.22959899902344,11.726851463317871
127,64.2978515625,-40.37451171875,19.385799407958984,62.321687294557655,11.55522632598877,146.96815211836702,149.9597791926664,318.64638846078844,-329.7759137853053,81.16537469653615,43.47799989257916,-302.73695373535156,-308.5651092529297,11.55522632598877
128,65.83221435546875,-40.2945556640625,19.420896530151367,62.34134185673342,11.463765144348145,147.08987366018982,150.5651634497394,318.33086722055407,-329.99191720327406,81.38031470466765,43.30236900879919,-304.0500183105469,-309.30149841308594,11.463765144348145
129,68.1875,-40.98663330078125,19.55838966369629,62.57749281685376,11.422889709472656,147.1509505875981,150.5835494508769,318.32206003824206,-330.11197621664076,81.60277126903185,43.55221436467568,-306.18975830078125,-310.3326721191406,11.422889709472656
130,71.70001220703125,-42.20013427734375,19.679840087890625,63.27177184714376,11.479021072387695,146.9410094081288,150.17355809835166,318.54826204935046,-330.31643826803236,82.31512900647719,44.22841468781033,-309.294921875,-311.4378204345703,11.479021072387695
131,75.3978271484375,-44.01806640625,19.9360294342041,64.39287850815612,11.5344877243042,146.68636358438127,149.37703721812602,318.7473425165746,-330.41699464162855,83.44375203418815,45.34200498212408,-313.06495666503906,-312.80328369140625,11.5344877243042
132,78.7403564453125,-45.3826904296875,20.278541564941406,65.49621446325247,11.604667663574219,146.24603979194364,148.76109998453776,318.5586933390233,-330.6077647908595,84.78151629678467,46.21091262972027,-317.4805450439453,-314.1976013183594,11.604667663574219
133,80.777099609375,-46.26715087890625,20.519073486328125,66.08514427698427,11.664870262145996,146.2661006596033,148.29469870146627,318.3951429621312,-331.0889421208766,85.25944928701092,46.91083926695762,-323.0111846923828,-315.39854431152344,11.664870262145996
134,81.80767822265625,-46.629425048828125,20.78866958618164,66.17203155156085,11.723331451416016,146.53738732117338,148.11959757600852,318.23180811563464,-331.68869359334974,85.09059040835724,47.25347269476447,-329.2866668701172,-316.4659423828125,11.723331451416016
135,82.43182373046875,-46.08056640625,21.255420684814453,65.89634443415278,11.787759780883789,146.7357985402703,148.28809721709004,318.1320556894872,-332.7185302480128,84.72537770722509,47.067311161080454,-335.90000915527344,-317.06060791015625,11.787759780883789
136,82.4439697265625,-44.835479736328125,21.816852569580078,65.20519412858823,11.794564247131348,147.0014091616218,148.76265410812636,318.0720438257787,-333.8170858128932,84.03096687975572,46.37942137742073,-341.7630157470703,-317.43028259277344,11.794564247131348
137,82.04266357421875,-43.33746337890625,22.42479133605957,64.32897078572901,11.816939353942871,147.1888338033049,149.17611985214054,317.9770216242406,-334.9505906804469,83.16531507716539,45.49262649429264,-346.2500762939453,-317.841552734375,11.816939353942871
138,81.351806640625,-42.27752685546875,22.953744888305664,63.58572343238537,11.810626029968262,147.26976337516308,149.20637183942736,318.04614012399645,-335.997423718777,82.20503161645722,44.966415248313524,-349.1627502441406,-318.2503967285156,11.810626029968262
139,79.97048950195312,-41.513671875,23.493877410888672,62.689501352357816,11.86020565032959,147.36168475451993,149.0235143984579,318.08968489328356,-336.9944062932399,80.7599994907559,44.61900321395973,-350.6346740722656,-318.74790954589844,11.86020565032959
140,78.29379272460938,-41.69183349609375,23.93964958190918,62.044457633668735,11.793176651000977,147.33306234793994,148.4508816410673,318.4448761240575,-337.5537505849269,79.20653621609561,44.882379051241855,-350.5460510253906,-319.2891540527344,11.793176651000977
141,76.14480590820312,-42.5457763671875,24.172426223754883,61.476181660813246,11.848201751708984,147.03833635320333,147.5093734366069,318.60120051065417,-338.123942921963,77.35854407725783,45.59381924436866,-349.5087890625,-320.04010009765625,11.848201751708984
142,73.59698486328125,-44.70672607421875,24.263681411743164,61.21777633593544,11.716435432434082,146.5716471200621,146.037788810868,319.3075365320775,-337.9510846837428,75.29451274717141,47.14103992469947,-347.4625701904297,-321.02833557128906,11.716435432434082
143,70.7218017578125,-47.1934814453125,24.34823226928711,60.981179345974425,11.555703163146973,145.95539182433714,144.4434941473759,319.9812845484349,-337.7067342503932,72.94015333996546,49.02220535198339,-345.7605895996094,-322.155029296875,11.555703163146973
144,67.81613159179688,-50.667694091796875,24.165990829467773,61.21630407497096,11.31778621673584,145.0826987961839,142.4715593749233,320.59969465890856,-337.08544022878675,70.67562923164952,51.75697891829239,-343.91783142089844,-323.6054229736328,11.31778621673584
145,64.80233764648438,-54.50335693359375,23.710302352905273,61.66679628049171,10.889864921569824,144.31225233498466,140.45516176188733,321.3285497919652,-336.2153497441676,68.34481742134251,54.98877513964091,-342.4050750732422,-325.10479736328125,10.889864921569824
146,62.499420166015625,-57.28485107421875,23.151782989501953,61.98241612073353,10.355683326721191,143.520184647961,138.82364539481028,322.1899713770482,-335.3471685155299,66.5488260681134,57.416006173353665,-341.4672546386719,-326.52703857421875,10.355683326721191
147,61.78033447265625,-59.5101318359375,22.386762619018555,62.72912142723866,9.71627426147461,142.73207590975153,137.48526613721785,323.13063471475573,-334.2978625996974,66.07859972121207,59.37964313326525,-340.76307678222656,-328.011474609375,9.71627426147461
148,62.949554443359375,-61.38543701171875,21.563987731933594,64.12861647396183,9.120219230651855,142.04911473389865,136.54385770331837,323.92461149850817,-333.2786508305934,67.18457037741341,61.072662570510246,-340.2839660644531,-329.41998291015625,9.120219230651855
149,65.84417724609375,-63.42889404296875,20.672449111938477,66.42610494859314,8.665011405944824,141.20079368908995,135.4960104068664,324.3740362421605,-332.6245294316676,69.82661444400271,63.025595453183556,-339.7887725830078,-330.23907470703125,8.665011405944824
150,68.49502563476562,-64.84173583984375,19.95754051208496,68.2460189922047,8.388328552246094,140.6658424081843,134.73537800277123,324.8090137735936,-332.4496074422267,72.06299858143831,64.42903940297109,-339.91847229003906,-330.5859680175781,8.388328552246094
151,70.13427734375,-65.60382080078125,19.26834487915039,69.34507783788038,8.19628620147705,140.6256064462653,134.33616607783534,325.14099447885485,-332.8514219029811,73.41031442956803,65.27984124619273,-340.15472412109375,-330.31988525390625,8.19628620147705
152,70.36492919921875,-64.74697875976562,19.02901268005371,68.90504237699741,8.115093231201172,141.1782460325433,134.85681377090225,325.7482494608495,-333.61291081747083,73.21398488529655,64.59609986869829,-341.487060546875,-329.89366149902344,8.115093231201172
153,71.20068359375,-63.97100830078125,18.696870803833008,68.78927387708251,8.090560913085938,141.43113131867577,135.16259873487536,326.4287113443944,-334.6252742513087,73.51634350422987,64.06220424993516,-343.1171112060547,-329.1612091064453,8.090560913085938
154,72.28140258789062,-62.33447265625,18.392810821533203,68.39992430292685,8.192915916442871,141.42078512738797,135.6817074878307,327.41710035959215,-335.8436113103297,74.03983608962254,62.76001251623116,-344.7361755371094,-328.35289001464844,8.192915916442871
155,74.59088134765625,-60.5538330078125,18.097227096557617,68.61419215496578,8.39099407196045,140.87240697139703,136.12932395112475,328.49145262399645,-337.1514001592067,75.84629715686303,61.382087153068525,-345.91839599609375,-327.59368896484375,8.39099407196045
156,78.12197875976562,-59.282196044921875,17.738534927368164,69.69073601760246,8.66552448272705,139.73437852872595,136.08674983996625,329.7737764612767,21.882464815768913,78.98148229772538,60.39998973747956,-346.3971862792969,-327.2572021484375,8.66552448272705
157,82.68032836914062,-58.05706787109375,17.236642837524414,71.31257719656617,9.016640663146973,138.09895895137987,135.9926054756024,331.30895178476305,21.087485720309928,83.22383007122798,59.401324321904355,-346.4949188232422,-327.0930938720703,9.016640663146973
158,87.82443237304688,-57.1759033203125,16.79572105407715,73.46027061425629,9.296460151672363,136.08835999428968,135.75654178327358,332.88298361459704,20.48559897104235,88.20556900992048,58.714972218592095,-345.57774353027344,-326.8640594482422,9.296460151672363
159,93.15673828125,-56.74200439453125,16.53826904296875,75.98926335887596,9.509721755981445,134.04187133608372,135.4725028845842,334.03524630228014,19.96223299661608,93.53112621310518,58.44740050464674,-342.56248474121094,-326.6571807861328,9.509721755981445
160,98.33908081054688,-56.70098876953125,16.227985382080078,78.69496944535491,9.844569206237793,132.0386379095052,135.00995867082958,334.321050097141,19.231511522922233,98.82878454307301,58.561154347636815,-336.1134948730469,-326.5315399169922,9.844569206237793
161,102.74893188476562,-57.01104736328125,16.068933486938477,81.1379639119816,10.1644868850708,130.21331637475836,134.61020534770287,334.2350496546361,18.832202364597038,103.39214892142648,58.88377890253672,-326.9241638183594,-326.47657775878906,10.1644868850708
162,106.98735046386719,-57.31610107421875,16.00612449645996,83.42706657814456,10.467631340026855,128.63243676195296,134.59298134150956,333.86980192819567,18.623357226047233,107.72540782355678,59.128725332732344,-317.2189025878906,-326.4823455810547,10.467631340026855
163,111.09808349609375,-57.59014892578125,16.285411834716797,85.5869176289111,10.624146461486816,127.1890980047416,135.05849691349152,333.53597967782946,18.657287050876334,111.85731902766047,59.316516230161724,-307.6529998779297,-326.3703918457031,10.624146461486816
164,113.22749328613281,-58.2191162109375,16.52423095703125,86.92398609013549,10.78358268737793,126.16618961290033,135.4992260400454,333.24449389139147,18.68748705545397,114.01256493438932,59.83540724588164,-302.05918884277344,-326.1926574707031,10.78358268737793
165,114.16470336914062,-59.05877685546875,16.91227912902832,87.77962459660289,10.870769500732422,125.42641435891728,136.23123549743815,332.98083918252917,18.853748728427604,114.98787335698178,60.57137583622399,-299.8107147216797,-325.59449768066406,10.870769500732422
166,113.34880065917969,-58.874786376953125,17.449382781982422,87.2107964884533,10.906688690185547,125.58670862839327,137.77930814403172,333.04314081827135,19.300663401279166,114.19369024388011,60.22790273302648,-301.4877166748047,-325.3876647949219,10.906688690185547
167,111.39874267578125,-58.995819091796875,18.022905349731445,86.28103363143197,10.810946464538574,126.09622757375912,139.43674937948657,333.08276121774645,19.65672056833239,112.3018328526683,60.26023441019565,-305.7200164794922,-324.87034606933594,10.810946464538574
168,108.17333984375,-58.562744140625,18.637235641479492,84.52928489303147,10.688178062438965,127.20708346790282,141.44377010545702,332.98755781808825,19.775918413791373,109.18710582272449,59.871463963338456,-311.1498260498047,-324.09832763671875,10.688178062438965
169,103.5732421875,-57.57958984375,19.284832000732422,81.90569533894036,10.628279685974121,128.9863253428286,143.81479700863534,332.60247938791247,19.619477678928092,104.767487208066,59.04390346981472,-317.03375244140625,-323.1625518798828,10.628279685974121
170,97.99383544921875,-56.63720703125,19.813953399658203,78.89001163760915,10.472455978393555,131.11344084354704,146.046519396591,332.20787279764147,19.39940111795397,99.43777669695918,58.34224657825912,-322.0633239746094,-321.93638610839844,10.472455978393555
171,90.9600830078125,-55.70147705078125,20.21035385131836,75.31667658913646,10.22433090209961,133.47029765794767,148.10823832448477,331.62627070108385,18.98561518350573,92.80950700991532,57.823846168357605,-326.38958740234375,-320.1822204589844,10.22433090209961
172,85.37506103515625,-53.6907958984375,20.539512634277344,71.9722979212906,10.101161003112793,135.87647903467393,150.03802324692913,330.64858000436755,18.49760954538317,87.6309406985454,56.313655144035806,-329.1214294433594,-319.0147399902344,10.101161003112793
173,78.82281494140625,-51.492431640625,20.779027938842773,68.0873116714182,10.145820617675781,138.74658242328894,151.5853549802058,329.8224415079686,18.03429453531237,81.531044589543,54.643578753293426,-331.50347900390625,-317.8709716796875,10.145820617675781
174,72.88973999023438,-49.93153381347656,20.97941780090332,64.77077925035135,10.244715690612793,141.56693906783988,152.64393091825855,329.2518362299535,17.77220671335192,76.04706301183764,53.494495488865084,-332.98216247558594,-316.7070617675781,10.244715690612793
175,68.85955810546875,-49.45867156982422,21.119152069091797,62.900827121095915,10.395978927612305,143.90065029147524,153.19457672307166,328.71873705545397,17.65794603982897,72.53457729020333,53.2670769519885,-332.93238830566406,-315.4228210449219,10.395978927612305
176,67.48779296875,-50.59636688232422,21.245023727416992,62.98097840295748,10.577472686767578,145.14764743118036,153.33130297719126,328.2682003275487,17.847958017978385,71.70384068878138,54.25811611713358,-331.2516174316406,-314.25733947753906,10.577472686767578
177,68.544677734375,-52.43229675292969,21.497669219970703,64.37282997351778,10.768575668334961,144.85007877841974,153.60643193934644,327.6739143625829,18.613855768832877,73.24534592043052,55.50031402660504,-328.6649169921875,-313.7696533203125,10.768575668334961
178,69.232421875,-54.486717224121094,21.646451950073242,65.68159299635113,11.03240966796875,143.99786854574384,153.57735354289875,326.9744877115819,19.382156778964713,74.44606748854495,56.9171185041573,-326.44293212890625,-313.51148986816406,11.03240966796875
179,70.095458984375,-56.2325439453125,21.832366943359375,67.00733055338728,11.395981788635254,142.68968016372884,153.53977301663318,325.9827417627904,-339.9432073338893,75.89292909051777,58.121732016256786,-324.25157165527344,-313.14453125,11.395981788635254
180,70.3992919921875,-57.79151916503906,22.127986907958984,67.8411757657525,11.744148254394531,141.40428755100197,154.00344471243966,325.01265757242174,-338.6338115437892,76.76801357222847,58.91433795927654,-322.74302673339844,-313.2957763671875,11.744148254394531
181,70.08575439453125,-58.381103515625,22.440879821777344,67.83084095963355,12.073610305786133,140.37980004395286,155.22772238283258,324.1598953501317,-336.61999661764173,77.03765819558119,58.62402372368592,-321.6976776123047,-314.0426483154297,12.073610305786133
182,69.68081665039062,-58.43195343017578,22.65928840637207,67.81075166548757,12.521458625793457,139.42485578413715,156.07865661368817,323.01911490121813,-335.55751473745374,77.38364614811546,58.2378571828597,-320.4584503173828,-313.46022033691406,12.521458625793457
183,69.05316162109375,-57.705535888671875,22.80094337463379,67.4718379981139,12.992093086242676,138.70341706036223,157.0227987016912,321.8396181360814,-335.06371743520765,77.62329536549447,57.320380630733325,-319.17091369628906,-312.3357849121094,12.992093086242676
184,67.95468139648438,-55.75402069091797,22.822160720825195,66.569297837292,13.533455848693848,138.15806007252783,157.98914663845326,320.63553564706774,-335.19922692617445,77.62870154308094,55.50989413150306,-317.6846618652344,-310.6767272949219,13.533455848693848
185,66.79940795898438,-53.87071228027344,22.802261352539062,66.07888808205153,14.116087913513184,137.6701377319127,158.1376690883738,319.3137220636937,-336.6664872868922,77.72080792961515,54.43696823448792,-316.18186950683594,-307.8747253417969,14.116087913513184
186,65.558837890625,-51.83702850341797,22.73412322998047,65.74792289496105,14.760201454162598,137.081955123372,157.8849459250631,317.96231787363024,-338.4309774144557,77.91029069233032,53.585555097591794,-314.5356903076172,-305.08460998535156,14.760201454162598
187,64.19155883789062,-50.29835510253906,22.739892959594727,65.41529395913749,15.357400894165039,136.61278438850675,157.66475292848992,316.74169008890124,-339.5508666737941,77.97078454548068,52.85980337279429,-313.20277404785156,-303.59242248535156,15.357400894165039
188,62.63677978515625,-49.216339111328125,22.818143844604492,65.18071432833095,15.884109497070312,136.40532014623315,157.2191735474146,315.7203373209569,-340.5778346761134,77.86843698349347,52.49299167316843,-312.01243591308594,-302.49745178222656,15.884109497070312
189,61.4136962890625,-48.06031799316406,23.040719985961914,64.92376472824898,16.32063865661621,136.07730159387248,157.07517977425832,314.7203621164891,-341.1182456715968,78.09898231450062,51.748547141997335,-310.8785095214844,-302.15110778808594,16.32063865661621
190,60.35308837890625,-47.15943908691406,23.327600479125977,64.58588055882525,16.699922561645508,135.65304566761696,157.0760828308875,313.82467501321764,-341.35911710104017,78.20666071940903,50.965100398241475,-310.320556640625,-302.25889587402344,16.699922561645508
191,59.47955322265625,-46.48286437988281,23.63617706298828,64.21206875011762,17.101160049438477,134.8827192772748,157.22091111362997,312.8019623056981,-341.34433896383314,78.331113378419,50.093024121816256,-310.21405029296875,-302.78675842285156,17.101160049438477
192,58.20050048828125,-45.48065185546875,23.95734405517578,63.48735599982722,17.492582321166992,134.2039133624315,157.63903864079484,311.7524589792821,-341.07153088888197,78.18347097091105,48.7912410287434,-310.3339385986328,-303.5590057373047,17.492582321166992
193,56.693206787109375,-44.44654846191406,24.093339920043945,62.65540784844549,17.91758918762207,133.3582638795195,157.8315040457453,310.673643519077,-341.01098782857923,77.73779333124054,47.573022365650445,-310.8544464111328,-304.36669921875,17.91758918762207
194,54.9625244140625,-43.494117736816406,24.05756378173828,61.92626801629781,18.319772720336914,132.07089826837498,157.834318965935,309.3523468271825,-341.1035552724269,77.2934159197664,46.55912011282922,-311.61895751953125,-305.0516357421875,18.319772720336914
195,52.903228759765625,-42.27745819091797,23.992820739746094,60.911201960215216,18.55915641784668,131.0028506672943,157.98111106243584,308.3007225290868,-341.0119453175929,76.45819329893571,45.36421062149472,-312.6555938720703,-305.65965270996094,18.55915641784668
196,50.57635498046875,-40.84947967529297,23.81543731689453,59.54208608492001,18.90283966064453,130.12484010455552,158.07477750032834,307.4546589151952,-340.99893910726576,75.07372516385003,44.01044700598999,-313.94239807128906,-306.2588348388672,18.90283966064453
197,48.63763427734375,-39.65019226074219,23.590957641601562,58.35090112344637,19.003000259399414,129.6366112422225,158.2083029946707,306.9774536387059,-340.865792821255,73.7560607140277,42.94574153286504,-315.1677551269531,-306.5629119873047,19.003000259399414
198,47.93463134765625,-38.45115661621094,23.324989318847656,57.53788662910416,18.872068405151367,129.1876920671232,158.70521870124728,306.54382555643053,-340.25111157735853,73.36949996146573,41.70627329674258,-315.96905517578125,-306.8918762207031,18.872068405151367
